





SET SQL_MODE="NO_AUTO_VALUE_ON_ZERO";







-- [CF_tag]







CREATE TABLE IF NOT EXISTS `ps_contactform` (

`fid`  int(10) unsigned   NOT NULL   auto_increment,

`formname`  varchar(225)   NOT NULL   ,

`email`  varchar(225)   NOT NULL   ,

`mailtype`  varchar(225)   NOT NULL   ,

`layout`  text   default NULL  ,

`clayout`  text   default NULL  ,

PRIMARY KEY  (`fid`)

) ENGINE=MyISAM DEFAULT CHARSET=utf8 AUTO_INCREMENT=1;

-- [CF_tag]







INSERT INTO `ps_contactform` ( `fid` ,  `formname` ,  `email` ,  `mailtype` ,  `layout` ,  `clayout`   ) VALUES

('4','Solicitud de Muestras','oriente_8@hotmail.com;jaimepalau@gmail.com','0','<p>{message_from} {shop_name}</p>

<table>

<tbody>

<tr>

<td align="\\\"left\\\""><a title="\\\"{shop_name}\\\"" href="\\\"{shop_url}\\\""><img src="\\\"{shop_logo}\\\"" alt="\\\"{shop_name}\\\"" /></a></td>

</tr>

<tr>

<td> </td>

</tr>

<tr>

<td align="\\\"left\\\"">{contactform_in} {form_name}</td>

</tr>

<tr>

<td> </td>

</tr>

<tr>

<td>{here_msg} :{message}</td>

</tr>

<tr>

<td> </td>

</tr>

<tr>

<td align="\\\"center\\\""><a href="\\\"{shop_url}\\\"">{shop_name}</a> powered with <a href="\\\"http://www.aretmic.com/\\\"">Contactform</a></td>

</tr>

</tbody>

</table>','<p>{notification} {shop_name}</p>

<table>

<tbody>

<tr>

<td align="\\\"left\\\""><a title="\\\"{shop_name}\\\"" href="\\\"{shop_url}\\\""><img src="\\\"{shop_logo}\\\"" alt="\\\"{shop_name}\\\"" /></a></td>

</tr>

<tr>

<td> </td>

</tr>

<tr>

<td align="\\\"left\\\"">{notification} {shop_name}</td>

</tr>

<tr>

<td> </td>

</tr>

<tr>

<td>{message}</td>

</tr>

<tr>

<td> </td>

</tr>

<tr>

<td align="\\\"center\\\""><a href="\\\"{shop_url}\\\"">{shop_name}</a> powered with <a href="\\\"http://www.aretmic.com/\\\"">Contactform</a></td>

</tr>

</tbody>

</table>'),

('5','Solicitud de Muestras','oriente_8@hotmail.com;jaimepalau@gmail.com','0','<p>{message_from} {shop_name}</p>

<table>

<tbody>

<tr>

<td align="left"><a title="" href="http://www.incienso-incense.com"><img style="border: none;" src="http://www.incienso-incense.com/img/logo.jpg" alt="Incienso & Incense" /></a></td>

</tr>

<tr>

<td> </td>

</tr>

<tr>

<td align="">{contactform_in} {form_name}</td>

</tr>

<tr>

<td> </td>

</tr>

<tr>

<td>{here_msg} :{message}</td>

</tr>

<tr>

<td> </td>

</tr>

<tr>

<td style="font-size: 10px; border-top: 1px solid #D9DADE;" align="center"><a style="color: #db3484; font-weight: bold; text-decoration: none;" href="{shop_url}">{shop_name}</a> desarrollado por <a style="text-decoration: none; color: #374953;" href="http://www.lavalldissenys.com/">LaVallDissenys.com™</a></td>

</tr>

</tbody>

</table>',''),

('2','Solicitud de Muestras','oriente_8@hotmail.com;jaimepalau@gmail.com','0','<p>{message_from} {shop_name}</p>

<table style="font-family: Verdana,sans-serif; font-size: 11px; color: #374953; width: 550px;">

<tbody>

<tr>

<td align="left"><a title="{shop_name}" href="{shop_url}"><img style="border: none;" src="{shop_logo}" alt="{shop_name}" /></a></td>

</tr>

<tr>

<td> </td>

</tr>

<tr>

<td style="background-color: #db3484; color: #fff; font-size: 12px; font-weight: bold; padding: 0.5em 1em;" align="left">{contactform_in} {form_name}</td>

</tr>

<tr>

<td> </td>

</tr>

<tr>

<td>{here_msg} :{message}</td>

</tr>

<tr>

<td> </td>

</tr>

<tr>

<td style="font-size: 10px; border-top: 1px solid #D9DADE;" align="center"><a style="color: #db3484; font-weight: bold; text-decoration: none;" href="{shop_url}">{shop_name}</a> Desarollado por <a style="text-decoration: none; color: #374953;" href="http://www.lavalldissenys.com/">LaVallDissenys.com</a></td>

</tr>

</tbody>

</table>','<p>{notification} {shop_name}</p>

<table style="font-family: Verdana,sans-serif; font-size: 11px; color: #374953; width: 550px;">

<tbody>

<tr>

<td align="left"><a title="{shop_name}" href="{shop_url}"><img style="border: none;" src="{shop_logo}" alt="{shop_name}" /></a></td>

</tr>

<tr>

<td> </td>

</tr>

<tr>

<td style="background-color: #db3484; color: #fff; font-size: 12px; font-weight: bold; padding: 0.5em 1em;" align="left">{notification} {shop_name}</td>

</tr>

<tr>

<td> </td>

</tr>

<tr>

<td>{message}</td>

</tr>

<tr>

<td> </td>

</tr>

<tr>

<td style="font-size: 10px; border-top: 1px solid #D9DADE;" align="center"><a style="color: #db3484; font-weight: bold; text-decoration: none;" href="{shop_url}">{shop_name}</a> Desarrollado por  <a style="text-decoration: none; color: #374953;" href="http://www.lavalldissenys.com/">LaVallDissenys.com</a></td>

</tr>

</tbody>

</table>');



-- [CF_tag]







CREATE TABLE IF NOT EXISTS `ps_contactform_item` (

`fdid`  int(10) unsigned   NOT NULL   auto_increment,

`fid`  int(11)   NOT NULL   ,

`fields_id`  varchar(225)   default NULL  ,

`fields_name`  varchar(225)   default NULL  ,

`confirmation`  int(11)   NOT NULL   ,

`fields_valid`  varchar(225)   NOT NULL   ,

`fields_type`  varchar(225)   NOT NULL   ,

`fields_style`  text   default NULL  ,

`err_style`  text   default NULL  ,

`fields_suppl`  varchar(255)   NOT NULL   ,

`fields_require`  int(11)   NOT NULL   ,

`order`  int(11)   NOT NULL   ,

`published`  int(11)   NOT NULL   ,

PRIMARY KEY  (`fdid`)

) ENGINE=MyISAM DEFAULT CHARSET=utf8 AUTO_INCREMENT=1;

-- [CF_tag]







INSERT INTO `ps_contactform_item` ( `fdid` ,  `fid` ,  `fields_id` ,  `fields_name` ,  `confirmation` ,  `fields_valid` ,  `fields_type` ,  `fields_style` ,  `err_style` ,  `fields_suppl` ,  `fields_require` ,  `order` ,  `published`   ) VALUES

('20','4','empresa2','Empresa','0','none','text','','','','1','3','1'),

('18','4','name2','Nombre','0','none','text','','','','1','1','1'),

('19','4','email2','E-mail','0','none','text','','','','1','2','1'),

('5','2','name','name','0','none','text','','','','1','1','1'),

('6','2','myemail','myemail','0','email','email','','','','1','2','1'),

('7','2','empresa','empresa','0','none','text','','','','1','3','1'),

('8','2','message','message','0','none','textarea','','','','1','7','1'),

('10','2','submit','submit','0','none','submitbtn','','','','0','8','1'),

('25','5','postal','codpostal','0','none','text','','','','1','3','1'),

('24','5','email3','E-mail','0','email','email','','','','1','2','1'),

('23','5','nombre1','Nombre','0','none','text','','','','1','1','1'),

('22','4','submit2','submit2','0','none','submitbtn','','','','0','6','1'),

('21','4','message2','texto','0','none','textarea','','','','1','5','1'),

('26','5','texto3','texto3','0','none','textarea','','','','0','4','1'),

('27','5','submit3','submit3','0','none','submitbtn','','','','0','5','1'),

('28','4','telefono','Telefono','0','none','text','','','','0','4','1'),

('29','2','direccion','Dirección','0','none','text','','','','1','4','1'),

('30','2','cp','Código_Postal','0','numeric','text','','','','1','5','1'),

('31','2','ciudad','Ciudad','0','none','text','','','','1','6','1');



-- [CF_tag]







CREATE TABLE IF NOT EXISTS `ps_contactform_lang` (

`id_lang`  int(11)   NOT NULL   ,

`fid`  varchar(225)   NOT NULL   ,

`alias`  varchar(225)   default NULL  ,

`formtitle`  varchar(225)   NOT NULL   ,

`thankyou`  text   default NULL  ,

`msgbeforeForm`  text   default NULL  ,

`msgafterForm`  text   default NULL  ,

`toname`  varchar(225)   NOT NULL   ,

`subject`  varchar(225)   default NULL  ,

`automailresponse`  text   default NULL  ,

`returnurl`  varchar(225)   default NULL  

) ENGINE=MyISAM DEFAULT CHARSET=utf8 AUTO_INCREMENT=1;

-- [CF_tag]







INSERT INTO `ps_contactform_lang` ( `id_lang` ,  `fid` ,  `alias` ,  `formtitle` ,  `thankyou` ,  `msgbeforeForm` ,  `msgafterForm` ,  `toname` ,  `subject` ,  `automailresponse` ,  `returnurl`   ) VALUES

('2','4','Formulario-de-Contacto','Formulario de contacto','<p><span>Gracias por su solicitud. Nosotros responderemos a la brevedad al correo electrónico que nos acaba de enviar. Atentamente.</span></p>','','','Incienso & Incense','Formulario de contacto  Incienso & Incense','<p><span>Gracias por su solicitud. Nosotros responderemos a la brevedad al correo electrónico que nos acaba de enviar. Atentamente.</span></p>

<p> </p>

<p><span>Equipo.</span></p>','http://www.incienso-incense.com/'),

('1','2','Contact-Form','Contact Form','<p>Thank you for your request. We will respond shortly to the email you just send us. Sincerely.<br /><br />Team.</p>','','','Administrator','Contact Prestashop','<p>Thank you for your request. We will respond shortly to the email you just send us. Sincerely.<br /><br />Team.</p>','http://www.aretmic.com'),

('2','2','Formulaire-de-contact','Formulaire de contact','<p>Merci pour votre demande. Nous répondrons très prochainement au mail que vous venez de nous faire parvenir. Bien cordialement.<br /><br />L´équipe.</p>','','','Administrateur','Contact Prestashop','<p>Merci pour votre demande. Nous répondrons très prochainement au mail que vous venez de nous faire parvenir. Bien cordialement.<br /><br />L´équipe.</p>','http://www.aretmic.com'),

('3','2','Solicitud-de-Muestras','Solicitud de Muestras','<p>Gracias por su solicitud. Nosotros responderemos a la brevedad al correo electrónico que nos acaba de enviar. Atentamente.<br /><br />Equipo.</p>','','','Incienso & Incense','Solicitud de muestras','<p>Gracias por su solicitud. Nosotros responderemos a la brevedad al correo electrónico que nos acaba de enviar. Atentamente.<br /><br />Equipo.</p>','http://www.incienso-incense.com/'),

('0','2','Kontaktformular','Kontaktformular','<p>Vielen Dank für Ihre Anfrage. Wir werden in Kürze Antwort auf die E-Mail senden Sie uns einfach. Mit freundlichen Grüßen.<br /><br />Team.</p>','','','Administrator','Kontakt PrestaShop','<p>Vielen Dank für Ihre Anfrage. Wir werden in Kürze Antwort auf die E-Mail senden Sie uns einfach. Mit freundlichen Grüßen.<br /><br />Team.</p>','http://www.aretmic.com'),

('0','2','Modulo-di-contatto','Modulo di contatto','<p>Grazie per la vostra richiesta. Ci sarà presto una risposta alle e-mail è sufficiente inviare. Cordiali saluti.<br /><br />Team.</p>','','','Administrator','Contatta PrestaShop','<p>Grazie per la vostra richiesta. Ci sarà presto una risposta alle e-mail è sufficiente inviare. Cordiali saluti.<br /><br />Team.</p>','http://www.aretmic.com'),

('2','5','particulares','particulares','<p><span>Gracias por su solicitud. Nosotros responderemos a la brevedad al correo electrónico que nos acaba de enviar. Atentamente.</span></p>','','','Incienso & Incense','Información Particular','<p><span>Gracias por su solicitud. Nosotros responderemos a la brevedad al correo electrónico que nos acaba de enviar. Atentamente.</span></p>

<p> </p>

<p><span>Equipo.</span></p>','http://www.incienso-incense.com/'),

('1','5','particulares','particulares','<p><span>Gracias por su solicitud. Nosotros responderemos a la brevedad al correo electrónico que nos acaba de enviar. Atentamente.</span></p>','','','Incienso & Incense','Información Particular','<p><span>Gracias por su solicitud. Nosotros responderemos a la brevedad al correo electrónico que nos acaba de enviar. Atentamente.</span></p>

<p> </p>

<p><span>Equipo.</span></p>','http://www.incienso-incense.com/'),

('3','4','Formulario-de-Contacto','Formulario de contacto','<p><span>Gracias por su solicitud. Nosotros responderemos a la brevedad al correo electrónico que nos acaba de enviar.</span></p>','','','Incienso & Incense','Formulario de contacto - Incienso & Incense','<p>Message from {shop_name}</p>

<table style="font-family: Verdana,sans-serif; font-size: 11px; color: #374953; width: 550px;">

<tbody>

<tr>

<td align="left"><a title="" href="http://www.incienso-incense.com"><img style="border: none;" src="http://www.incienso-incense.com/img/logo.jpg" alt="Incienso & Incense" /></a></td>

</tr>

<tr>

<td> </td>

</tr>

<tr>

<td style="background-color: #db3484; color: #fff; font-size: 12px; font-weight: bold; padding: 0.5em 1em;" align="left">Su mensaje ha sido enviado correctamente a nuestro Servicio de atención al Cliente.</td>

</tr>

<tr>

<td> </td>

</tr>

<tr>

<td style="background-color: #db3484; color: #fff; font-size: 12px; font-weight: bold; padding: 0.5em 1em;" align="left">Vamos a responder a la mayor brevedad posible.</td>

</tr>

<tr>

<td> </td>

</tr>

<tr>

<td style="font-size: 10px; border-top: 1px solid #D9DADE;" align="center"><a style="color: #db3484; font-weight: bold; text-decoration: none;" href="{shop_url}">{shop_name}</a> desarrollado por <a style="text-decoration: none; color: #374953;" href="http://www.lavalldissenys.com/">LaVallDissenys.com™</a></td>

</tr>

</tbody>

</table>','http://www.incienso-incense.com/'),

('1','4','Formulario-de-Contacto','Formulario de contacto','<p><span>Gracias por su solicitud. Nosotros responderemos a la brevedad al correo electrónico que nos acaba de enviar. Atentamente.</span></p>','','','Incienso & Incense','Formulario de contacto  Incienso & Incense','<p><span>Gracias por su solicitud. Nosotros responderemos a la brevedad al correo electrónico que nos acaba de enviar. Atentamente.</span></p>

<p> </p>

<p><span>Equipo.</span></p>','http://www.incienso-incense.com/'),

('3','5','puntos-venta','Puntos de Venta','<p><span>Gracias por su solicitud. Nosotros responderemos a la brevedad al correo electrónico que nos acaba de enviar. Atentamente.</span></p>','<p style="text-align: justify;"><span style="color: #333333;"><strong><span style="font-size: 14pt;">Si eres un partícular y deseas conocer los puntos de venta de tu ciudad, envíanos un e-mail y te diremos dónde puedes encontrarlos.</span></strong></span></p>

<p style="text-align: justify;"><span style="color: #333333;"><strong><span style="font-size: 14pt;">También puedes recomendarnos la tienda en que normalmente compras el incienso y les haremos llegar muestras gratuitas tanto para ellos como para ti. </span></strong></span></p>

<p><span style="color: #333333;"><strong><span style="font-size: 14pt;"><br /></span></strong></span></p>','','Incienso & Incense','Información Particular','<table style="font-family: Verdana,sans-serif; font-size: 11px; color: #374953; width: 550px;">

<tbody>

<tr>

<td align="left"><a title="" href="http://www.incienso-incense.com"><img style="border: none;" src="http://www.incienso-incense.com/img/logo.jpg" alt="Incienso & Incense" /></a></td>

</tr>

<tr>

<td> </td>

</tr>

<tr>

<td style="background-color: #db3484; color: #fff; font-size: 12px; font-weight: bold; padding: 0.5em 1em;" align="left">Su mensaje ha sido enviado correctamente a nuestro Servicio de atención al Cliente.</td>

</tr>

<tr>

<td style="background-color: #db3484; color: #fff; font-size: 12px; font-weight: bold; padding: 0.5em 1em;" align="left">Vamos a responder a la mayor brevedad posible.</td>

</tr>

<tr>

<td> </td>

</tr>

</tbody>

</table>','http://www.incienso-incense.com/');



-- [CF_tag]







CREATE TABLE IF NOT EXISTS `ps_contactform_item_lang` (

`fdid`  int(11)   NOT NULL   ,

`id_lang`  int(11)   NOT NULL   ,

`fields_title`  varchar(225)   NOT NULL   ,

`fields_desc`  varchar(255)   default NULL  ,

`confirmation_txt`  varchar(225)   NOT NULL   ,

`fields_default`  text   default NULL  ,

`error_txt`  varchar(255)   default NULL  ,

`error_txt2`  varchar(255)   default NULL  

) ENGINE=MyISAM DEFAULT CHARSET=utf8 AUTO_INCREMENT=1;

-- [CF_tag]







INSERT INTO `ps_contactform_item_lang` ( `fdid` ,  `id_lang` ,  `fields_title` ,  `fields_desc` ,  `confirmation_txt` ,  `fields_default` ,  `error_txt` ,  `error_txt2`   ) VALUES

('20','2','Empresa','','','','',''),

('20','1','Empresa','','','','',''),

('19','3','E-Mail','','','','',''),

('19','2','E-Mail','','','','',''),

('19','1','E-Mail','','','','',''),

('18','3','Nombre','','','','',''),

('18','2','Nombre','','','','',''),

('18','1','Nombre','','','','',''),

('5','1','Your full name','','','Your full name ...','',''),

('5','2','Votre nom et prenom','','','Votre nom ...','',''),

('5','3','Su nombre','','','','',''),

('5','0','Ihr vollständiger Name','','','Ihr Name ...','',''),

('5','0','Il tuo nome completo','','','Il tuo nome completo','',''),

('6','1','Your e-mail','','Confirm your email','','',''),

('6','2','Votre e-mail','','Confirmer votre email','','',''),

('6','3','Tu e-mail','','Confirme su correo electrónico','','',''),

('6','0','Ihre E-Mail','','Bestätigen Sie Ihre E-Mail','','',''),

('6','0','Il tuo indirizzo e-mail','','Conferma la tua email','','',''),

('7','1','Subject','','','','',''),

('7','2','Sujet','','','','',''),

('7','3','Empresa','','','','',''),

('7','0','Über','','','','',''),

('7','0','Soggetto','','','','',''),

('8','1','Message','','','Estoy interesado en recibir muestras de incienso.','',''),

('8','2','Message','','','Estoy interesado en recibir muestras de incienso.','',''),

('8','3','Mensaje','','','Estoy interesado en recibir muestras de incienso.','',''),

('8','0','Nachricht','','','','',''),

('8','0','Messaggio','','','','',''),

('21','2','Empresa','','','','',''),

('21','1','Empresa','','','','',''),

('20','3','Empresa','','','','',''),

('10','1','','','','Send','',''),

('10','2','','','','Envoyer','',''),

('10','3','','','','Enviar','',''),

('10','0','','','','Senden','',''),

('10','0','','','','Invia','',''),

('24','1','También puedes recomendarnos la tienda en que normalmente compras el incienso y les haremos','','','','',''),

('25','3','Código Postal','','','','',''),

('26','1','Texto','','','Desearía conocer los puntos de venta más cercanos.','',''),

('23','3','Nombre','','','','',''),

('23','2','Si eres un partícular y deseas conocer los puntos de venta de tu ciudad, envíanos un e-mail y te diremos dónde puedes encontrarlos.   También puedes recomendarnos la tienda en que normalmente compras el incienso y les haremos','Si eres un partícular y deseas conocer los puntos de venta de tu ciudad, envíanos un e-mail y te diremos dónde puedes encontrarlos. 



También puedes recomendarnos la tienda en que normalmente compras el incienso y les haremos llegar muestras gratuitas t','','','',''),

('23','1','Si eres un partícular y deseas conocer los puntos de venta de tu ciudad, envíanos un e-mail y te diremos dónde puedes encontrarlos.   También puedes recomendarnos la tienda en que normalmente compras el incienso y les haremos','Si eres un partícular y deseas conocer los puntos de venta de tu ciudad, envíanos un e-mail y te diremos dónde puedes encontrarlos. 



También puedes recomendarnos la tienda en que normalmente compras el incienso y les haremos llegar muestras gratuitas t','','','',''),

('22','3','','','','Enviar','',''),

('22','2','Enviar','','','Enviar','',''),

('22','1','Enviar','','','Enviar','',''),

('21','3','Escriba aquí su consulta','','','','',''),

('24','2','También puedes recomendarnos la tienda en que normalmente compras el incienso y les haremos','','','','',''),

('24','3','E-mail','','','','',''),

('25','1','Código Postal','','','','',''),

('25','2','Código Postal','','','','',''),

('26','2','Texto','','','Desearía conocer los puntos de venta más cercanos.','',''),

('26','3','Texto','','','Desearía conocer los puntos de venta más cercanos.','',''),

('27','1','Enviar','','','Enviar','',''),

('27','2','Enviar','','','Enviar','',''),

('27','3','','','','Enviar','',''),

('28','1','Phone','','','','',''),

('28','2','Telefono','','','','',''),

('28','3','Teléfono','','','','',''),

('29','1','Dirección','','','','',''),

('29','2','Dirección','','','','',''),

('29','3','Dirección','','','','',''),

('30','1','Código Postal','','','','',''),

('30','2','Código Postal','','','','',''),

('30','3','Código Postal','','','','',''),

('31','1','Ciudad','','','','',''),

('31','2','Ciudad','','','','',''),

('31','3','Ciudad','','','','','');



-- [CF_tag]



